Time,Sea Level,Red,Bottom orange,Top orange,CO2,All-Fam-Max,All-Fam-Min,Marine-Fam-Max,Marine-Fam-Min,Terrestrial-Fam-Max,Terrestrial-Fam-Min,All-Fam-pcOrig-Max,All-Fam-pcOrig-Min,Marine-Fam-pcOrig-Max,Marine-Fam-pcOrig-Min,Terrestrial-Fam-pcOrig-Max,Terrestrial-Fam-pcOrig-Min,All-Fam-pcExtin-Max,All-Fam-pcExtin-Min,Marine-Fam-pcExtin-Max,Marine-Fam-pcExtin-Min,Terrestrial-Fam-pcExtin-max,Terrestrial-Fam-pcExtin-Min,Sep_ngen,Sep-pcOrig,Sep-pcExtin,allmaxbc,allmaxp,allmaxq,allminbc,allminp,allminq,marmaxbc,marmaxp,marmaxq,marminbc,marminp,marminq,terrmaxbc,terrmaxp,terrmaxq,terrminbc,terrminp,terrminq,Sepbc,sep-p,sep-q,pulsedR,p&f01terrf,p&f02f,cosunaD,cosunaP,cosunaQ
510.0,None,0.478252407663,0.402628668198,0.438442450356,0.598175659078,0.0254324984112,0.0443609021467,0.06361672907,0.109042806475,0.0,0.0,0.960661910171,0.92756361795,0.879480961177,0.851968095181,0.0,0.0,0.120900845211,0.137388921531,0.141994248866,0.160737713421,0.0,0.0,0.0278886630724,1.44128309064,1.32844096886,0.047351304654,1.12006450188,0.0349007369536,0.0322540280302,1.00972126054,0.0687548797248,0.117020250497,0.9940265835,0.0127683502358,0.0783234729565,0.878192537622,0.110413949633,0.0,0.0,0.0,0.0,0.0,0.0,0.00619087797452,0.0180323335233,1.06291975528,2.95290918385,0.0,0.667387408312,None,None,None
500.0,None,0.300079942063,0.412570116795,0.275101145321,0.554002735959,0.022150885713,0.00682475417642,0.0554081188674,0.0167758163808,0.0,0.0,1.03764875315,1.24004376887,0.948561449045,1.1267049831,0.0,0.0,1.63369728428,1.6645320159,1.76428865571,1.77102729329,0.0,0.0,0.0796818944925,2.46070812209,3.06890429424,0.0506169118715,0.510729654331,1.13285051557,0.0373467692981,0.763175408681,1.16193390761,0.1250906126,0.500846970051,1.28199490522,0.0906903371076,0.725300262486,1.24486539753,0.0,0.0,0.0,0.0,0.0,0.0,0.0521802572138,1.48403257701,1.98061269581,1.42867281827,0.0,0.270562462829,0.027536864798,0.730667507588,0.498384902871
490.0,None,0.187549963789,0.19882897195,0.257907323739,0.252109649228,0.226431276177,0.221804510734,0.566394103978,0.545214032376,0.0,0.0,0.0671587353615,0.369236165509,0.0344785649273,0.300705507096,0.0,0.0,0.0982171687155,0.0163481542033,0.0965237258674,0.00584116197167,0.0,0.0,0.380082636729,0.0422400370641,0.202106159195,0.21063166553,0.0492062122535,0.0415455957255,0.203709650717,0.523486157606,0.0601213618884,0.520538355658,0.00313270426448,0.0266991092719,0.494674566041,0.412737020267,0.0828429386702,0.0,0.0,0.0,0.0,0.0,0.0,0.323694476954,0.17345532255,0.351912736525,0.111152004851,0.0,0.144299980176,0.403874017037,1.92729190145,0.16204197577
480.0,None,0.25788120021,0.273389836431,0.236415046761,0.00207035882954,0.0,0.0,0.0,0.0,0.0,0.0,0.0,0.0,0.0,0.0,0.0,0.0,0.0,0.0,0.0,0.0,0.0,0.0,0.0,0.0,0.0,0.0,0.0,0.0,0.0,0.0,0.0,0.0,0.0,0.0,0.0,0.0,0.0,0.0,0.0,0.0,0.0,0.0,0.0,0.0,0.0,0.0,0.0,0.0,0.0,0.0,0.0,0.0
470.0,None,0.403232422147,0.457306635484,0.369667164026,0.0699496807599,0.0836811238046,0.081897050117,0.209319560166,0.20130979657,0.0,0.0,0.264076978495,0.245918872784,0.228952474079,0.211079845186,0.0,0.0,0.428942021511,0.661576782168,0.449446183733,0.683879664101,0.0,0.0,0.00876500839417,0.264105681101,0.384062909666,0.0979682165254,0.0142950069033,0.449552034114,0.0967620840906,0.035755541229,0.768285949545,0.242110863097,0.0108522247357,0.463962416823,0.23497041887,0.0616206450611,0.748908800809,0.0,0.0,0.0,0.0,0.0,0.0,0.198108095185,0.103765436886,0.433194451758,0.766541755523,0.0472851754637,0.432899940527,1.4319169695,0.779913901994,0.433709515335
460.0,None,0.994014808084,1.05876427563,0.911272543877,0.356670672252,0.20345998729,0.237160207631,0.504829527458,0.578765665137,0.0,0.0,1.27943444408,1.30782175855,1.14278864217,1.16692241707,0.0,0.0,0.416024927951,0.68042145253,0.43965626686,0.708529693034,0.0,0.0,0.713152955707,0.682950898836,0.494994830601,0.179608396963,1.46620021766,0.538422524915,0.208802391985,1.5766032961,0.931768004394,0.439834734626,1.29162027686,0.574261931972,0.502919142142,1.37525882656,0.934316239445,0.0,0.0,0.0,0.0,0.0,0.0,0.482888482013,0.847966355693,0.534945535672,1.41477328281,0.0,2.81384961343,2.93726557845,1.18307266963,0.391577188286
450.0,None,0.342278683916,0.357892149509,0.313787243882,0.0608622278821,0.0,0.0,0.0,0.0,0.0,0.0,0.0,0.0,0.0,0.0,0.0,0.0,0.0,0.0,0.0,0.0,0.0,0.0,0.0,0.0,0.0,0.0,0.0,0.0,0.0,0.0,0.0,0.0,0.0,0.0,0.0,0.0,0.0,0.0,0.0,0.0,0.0,0.0,0.0,0.0,0.0,0.0,0.0,0.0,0.0,0.0,0.0,0.0
440.0,None,0.150039971032,0.15906317756,0.137550572661,0.131412470745,0.0278937079349,0.0153556968969,0.0697731867219,0.0377455868568,0.0,0.0,1.14903397277,1.32986570873,1.02214450443,1.17722350829,0.0,0.0,3.81613475656,4.10636641786,4.00342873399,4.23889382035,0.0,0.0,0.289245277008,1.03360547186,3.13466530497,0.0195936433051,1.09871626526,4.09316658904,0.00509274126792,1.30746540686,4.68949963858,0.0484221726194,0.968362926516,4.31560544599,0.012366864151,1.1350237175,4.63912254403,0.0,0.0,0.0,0.0,0.0,0.0,0.196339272906,0.584993365577,4.00821387717,0.654101638494,0.0,0.360749950439,0.917895493267,0.349180114891,3.4841661337
430.0,None,0.16879496741,0.149121728962,0.154744394243,0.0492460924645,0.0328161269822,0.00170618854411,0.0615645765193,0.020969770476,0.00886108028001,0.00625705361231,0.172988937639,0.462708239973,0.22975430117,0.472369799659,3.40497081324,2.27849088002,3.3362332257,3.52701360339,3.53788177788,3.68223433858,0.0,0.0,0.0462154988056,0.109787942269,2.26123862668,0.0408200902189,0.160686888626,3.65933678055,0.00679032169057,0.529907417118,4.1726380764,0.0887739831355,0.201098464613,3.85956205666,0.00824457610069,0.501343009999,4.12929118411,0.00887056564323,5.39767713065,0.0,0.00627194737291,3.52178273973,0.0,0.0442205569609,0.133280578254,3.52911321954,0.763534243609,0.0,1.29869982158,0.899537583402,0.738741919221,3.67707709255
420.0,None,0.0468874909474,0.0546779672861,0.0429845539565,0.489284267204,0.00820403174555,0.0170618854411,0.0205215255064,0.041939540952,0.00590738685334,0.00625705361231,1.2754462265,1.16546650885,1.0649497353,0.975889605694,2.4218907859,1.18207377738,0.483209567017,0.536750974212,0.464009696437,0.507969573135,0.0,0.0,0.0908373597214,0.940990725827,0.650828350077,0.00979682165254,1.31525355168,0.476146065956,0.0203709650717,1.16206014954,0.497572746488,0.0161407242065,1.10467550718,0.49881947478,0.0412228805034,0.97389153887,0.489810784401,0.00591371042882,4.1899649192,0.0,0.00627194737291,1.82709029398,0.0,0.012381755949,0.895456246724,0.314000811375,0.213876650792,0.0,0.613274915747,0.330442377576,0.0507314541535,0.452329831497
410.0,None,0.328212436632,0.318126355119,0.300891877695,0.452476131983,0.0164080634911,0.0119433198087,0.0943990173296,0.0880730359992,0.00886108028001,0.0125141072246,1.83073430668,2.19365932794,0.997719617645,1.2315663907,4.58868742272,5.53192795688,2.29766739837,1.60558202143,2.00879385234,1.20574436906,5.52652425224,5.35945022522,0.31713394008,1.1006110656,1.94629088206,0.0228592505226,1.28282983343,1.70162057888,0.0169758042264,1.60933590703,0.981227024763,0.0847388020839,0.771700549621,1.73224646445,0.0742011849062,0.967287219235,0.897942133274,0.00295685521441,1.39818789858,0.0,0.00627194737291,4.29835726503,0.0,0.206067795438,0.632113338227,1.4178105256,0.813983387054,0.0,0.64934991079,0.385516107172,0.227420634438,1.31697941911
400.0,None,0.304768691158,0.323097079418,0.279399600717,0.0449157236149,0.0229712888875,0.0255928281616,0.00410430510129,0.020969770476,0.00295369342667,0.00312852680615,1.71813837815,2.26150888889,1.04878983546,1.42617682658,4.67867642738,5.83150758337,2.28923978245,1.47527998448,2.0743296595,1.14232952565,5.08361833893,4.9299339346,0.131475125913,1.00522450544,2.13965665375,0.0310232685664,1.15689396131,1.68124318438,0.0339516084528,1.66445455264,0.820541640007,0.0161407242065,0.791378817716,1.75736946982,0.0329783044028,1.12481673971,0.784770612941,0.00591371042882,1.86442702253,0.0,0.00627194737291,5.22627100878,0.0,0.081365824808,0.471769194747,1.65755491886,1.01946200649,0.0472851754637,0.216449970263,0.0367158197307,1.82938057603,1.74946033562
390.0,None,0.487629905853,0.492101705575,0.447039361147,0.336883731378,0.0853219301537,0.0767784844847,0.184693729558,0.159370255618,0.0236295474134,0.0250282144492,1.09846907128,1.4097392425,1.08302168436,1.31304987273,0.0190895672807,0.0170321750263,1.07841978673,0.834641724941,1.11386599666,0.820959858004,0.207276271279,0.201010039599,0.402393567187,1.25593308492,1.46434542552,0.060413733524,0.64200891054,0.571530134968,0.0509274126792,0.939498158783,0.283767111175,0.108949888394,0.632068515637,0.533569765316,0.0824457610069,0.830961011847,0.186705771986,0.0266116969297,0.21280098972,0.822268432703,0.0282237631781,0.220063640108,0.920430485225,0.285664797967,1.06059669739,1.1451532331,0.218064165469,0.0,0.685424905834,0.201937008519,1.43553293184,0.661161700232
380.0,None,0.342278683916,0.338009252314,0.313787243882,0.29201542056,0.0229712888875,0.0238866396175,0.0123129153039,0.0083879081904,0.0295369342667,0.0281567412554,0.482289454791,0.576291840411,0.286622345648,0.329634918958,1.97459345941,1.52962930784,1.72175405623,1.85233445729,1.80514739969,1.91453439243,1.99869378713,2.03707781097,0.21354747724,0.0881959119108,1.05712171311,0.0261248577401,0.5384982652,1.85779984687,0.0254637063396,0.633380962335,2.08530849986,0.0363166294645,0.44162566499,2.10035202942,0.0329783044028,0.512344768257,2.256620426,0.0177411312865,0.90159554573,0.0116377741911,0.0156798684323,0.48744996958,0.0130270866783,0.137968137718,0.147434332752,1.52409053152,0.4144253659,0.141855526391,0.0360749950439,0.532379386095,0.903047293876,0.986439449159
370.0,None,0.693934866021,0.71081357472,0.636171398556,1.14773739633,0.0475833841242,0.0545980334114,0.123129153039,0.134206531046,0.00295369342667,0.00625705361231,1.47521319648,1.84074141127,1.16647338087,1.41920662713,2.36504702305,1.95890428081,2.0619304409,2.00752112305,2.20087040322,2.10024754771,1.38985013623,1.34490903079,0.135459220637,1.06060053121,1.80451053464,0.0522497154802,1.22736109634,1.81626260593,0.0577177343698,1.60568288571,1.81107589737,0.129125793652,0.987961782026,2.03585838506,0.140157793712,1.25740842497,1.94543162959,0.00591371042882,1.33628143309,0.771833237495,0.00313597368646,1.08294694696,0.965675277316,0.252941585816,1.12035331649,1.98319946954,1.12496529441,0.0472851754637,0.288599960351,0.348800287441,0.0939948813417,0.769387231805
360.0,None,0.412609920337,0.412570116795,0.378264074817,0.30059713693,0.0475833841242,0.0528918448673,0.143650678545,0.121624668761,0.0324906276934,0.0187711608369,0.341918439523,0.275477805979,0.240671485414,0.222984699108,0.603772940483,0.472059563315,0.820550492124,0.800737424844,0.782303357428,0.741437074894,0.652370695198,0.597087541372,0.0382473093564,0.132585109206,0.674038118571,0.0326560721751,0.494358899353,0.744294874057,0.0373467692981,0.444882353587,0.741022938032,0.117020250497,0.322213585289,0.734424141922,0.0948126251579,0.322732195023,0.672439902582,0.0266116969297,0.795306164461,0.983920190314,0.0125438947458,0.622863047677,1.12316043323,0.0371452678471,0.556139857875,0.708933081651,0.815929931572,1.65498114123,0.144299980176,0.991327132728,0.377917364752,0.185591863169
350.0,None,0.482941156758,0.482160256978,0.442740905752,0.284540002802,0.0,0.0,0.0,0.0,0.0,0.0,0.0,0.0,0.0,0.0,0.0,0.0,0.0,0.0,0.0,0.0,0.0,0.0,0.0,0.0,0.0,0.0,0.0,0.0,0.0,0.0,0.0,0.0,0.0,0.0,0.0,0.0,0.0,0.0,0.0,0.0,0.0,0.0,0.0,0.0,0.0,0.0,0.0,0.0,0.0,0.0,0.0,0.0
340.0,None,0.600159884126,0.611399088745,0.550202290643,0.258020444665,0.108293219041,0.0989589355581,0.217528170368,0.180340026094,0.0206758539867,0.0312852680615,0.317561825002,0.126037000865,0.228212325994,0.123366361885,0.505546656787,0.119837683533,0.00850637868587,0.151321092355,0.017557123649,0.160916690529,0.0591870535304,0.015328076694,0.305978474851,0.231747763978,0.0805731520184,0.0996010201342,0.341314920659,0.00871002516937,0.0899717624,0.137895001411,0.177161031626,0.209829414684,0.211294994173,0.0506500922316,0.173136098114,0.112556960094,0.151357548643,0.0118274208576,0.878227889508,0.185397953966,0.0219518158052,0.219948812381,0.131255029344,0.179535461261,0.346802605712,0.164720679419,0.115531011204,0.0,0.541124925659,0.403874017037,1.34057791545,0.14766233594
330.0,None,0.351656182105,0.342979976613,0.322384154674,0.163352892077,0.014767257142,0.00682475417642,0.086190407127,0.0461334950472,0.0118147737067,0.0125141072246,0.137379852081,0.105352904755,0.244495583849,0.232792324878,0.362178776491,0.216022808938,0.279686580681,0.336788083144,0.341676189722,0.4058794038,0.465228721505,0.391879966924,0.3689271715,0.11362429371,0.247326035153,0.00979682165254,0.230140130822,0.204845195658,0.0101854825358,0.212550908905,0.27043717974,0.0887739831355,0.345160007401,0.222477869497,0.0535897446545,0.347318898916,0.277147378223,0.0266116969297,0.597365992004,0.281422568377,0.0282237631781,0.433573802283,0.243737769444,0.166269294173,0.244048703998,0.237609351579,0.815450914856,0.0,0.0,0.991327132728,0.450799978603,1.33665940711
320.0,None,0.421987418526,0.387716495302,0.816706525173,0.0526756181592,0.159158215864,0.0272990167057,0.0779817969245,0.100654898285,0.313091503227,0.112626965022,0.751351705264,0.0633405711331,0.012089085377,0.0860480374151,1.0494031986,0.317545071381,0.375698391959,0.321567387851,0.411985592722,0.402405620845,0.0190643590665,0.0404661224721,0.146614685866,0.00972143506372,0.526920503719,0.164913164485,0.928687518572,0.2694040762,0.0356491888755,0.142575365257,0.258797043461,0.0443869915678,0.099786069695,0.296566386807,0.0618343207552,0.0167982202679,0.272307132115,0.307512942299,2.43861040697,0.369716675787,0.106623105339,0.693643798932,0.123004518201,0.103476103288,0.0657632017284,0.586178799967,0.448257287208,1.51312561484,1.19047483645,0.128505369057,3.38512031168,0.88348706442
310.0,None,0.398543673053,0.357892149509,0.36536870863,0.0132755833345,0.121419669834,0.126257952264,0.0943990173296,0.0880730359992,0.118147737067,0.128269599052,0.130756562167,0.685652736108,0.347561204589,0.425182166238,1.01893834122,0.157576783677,0.891279455642,0.964621630774,0.556164368493,0.526412350558,1.1092830764,1.70745341708,0.114741928069,0.245647005846,0.406685089084,0.0718433587853,0.506892677683,0.558313748303,0.0746935385962,0.400083401583,0.664283729742,0.0605277157742,0.251166463495,0.437760368525,0.0535897446545,0.321622870248,0.400913451104,0.0561802490738,2.81688544753,0.356146058518,0.0627194737291,0.480815940936,1.60814365048,0.0840190582257,0.191972540059,0.351721603635,0.500011794332,0.0,1.15439984141,0.642526845287,0.958730595719,1.10655817871
300.0,None,0.00937749818947,0.0845023130785,0.0085969107913,0.000647974900848,0.137827733325,0.138201272073,0.184693729558,0.167758163808,0.0886108028001,0.103241384603,0.94143300397,1.1582378109,0.596682713965,0.591356655698,0.621195439389,0.932424088641,0.943735457538,1.00142511093,0.738370094104,0.671017718311,0.878516791267,1.25223312093,0.0788850755475,0.392010843262,0.30838633328,0.0751089660028,0.643494610177,0.61138052214,0.0729959581736,0.84975966671,0.662650397385,0.133160974703,0.462217150871,0.580855767214,0.11542406541,0.448912678853,0.502556089188,0.0177411312865,0.307091240775,0.472940045911,0.0282237631781,0.883577524155,1.22114314557,0.0362608567079,0.3095998167,0.161893692935,0.185555434394,0.0,0.288599960351,0.844463853806,3.01459593058,0.412238998344
290.0,None,0.070331236421,0.139180280365,0.0644768309347,0.0120586548621,0.0278937079349,0.000853094272053,0.00820861020258,0.0,0.04873594154,0.00625705361231,0.662542645884,0.223016067402,0.16048877628,0.10597170486,0.834939755225,0.214360421992,0.82653646231,0.372625169944,0.238517974734,0.236453165329,1.74283258037,0.594069089346,0.0294823009622,0.0829736534055,0.0432857285836,0.0277576613489,0.720759847623,0.863811070472,0.000848790211321,0.231021341894,0.402229197654,0.010087952629,0.147594065148,0.224189516616,0.00206114402517,0.0974243315183,0.229770958696,0.0532233938594,1.3454567758,2.72621753238,0.00313597368646,0.251017887458,0.955382820223,0.0194570450628,0.073884514156,0.0776430960458,0.201534063418,1.22941456205,0.432899940527,0.238652828249,1.55651750522,0.575901444189
280.0,None,0.0375099927579,0.104385210274,0.0343876431652,0.0112052245049,0.0426609650769,0.048626373507,0.0492516612155,0.0503274491424,0.0339674744067,0.0437993752862,0.787245663506,0.29322748015,0.100906855494,0.0467558511546,1.14795635845,0.612050042983,0.896399035406,0.487142782146,0.09595736704,0.176373804381,2.17333693358,1.30500886807,0.0239045683477,0.0782937063603,0.160632163595,0.0440856974365,0.8187918372,0.906972368943,0.0466834616226,0.272982410689,0.487322818196,0.042369401042,0.104426000973,0.101713732968,0.0556508886796,0.0559249045298,0.189059547134,0.0443528282161,1.6430709994,3.11268888836,0.034495710551,0.737948396179,1.73972771413,0.0530646683531,0.0131874570373,0.093603131432,0.562444118852,1.22941456205,0.324674955395,0.312084467711,1.50835034654,0.477841613902
270.0,None,0.754888604253,0.845023130785,0.692051318699,0.0292695003993,0.0,0.0,0.0,0.0,0.0,0.0,0.0,0.0,0.0,0.0,0.0,0.0,0.0,0.0,0.0,0.0,0.0,0.0,0.0,0.0,0.0,0.0,0.0,0.0,0.0,0.0,0.0,0.0,0.0,0.0,0.0,0.0,0.0,0.0,0.0,0.0,0.0,0.0,0.0,0.0,0.0,0.0,0.0,0.0,0.0,0.0,0.0,0.0
260.0,None,1.29878349924,1.40671497654,1.19067214459,0.0682270157796,0.014767257142,0.00853094272053,0.0246258306077,0.0335516327616,0.0502127882534,0.0500564288985,0.248124108165,0.233465472357,0.118485372496,0.0358379281277,0.269149823612,0.591780588115,0.566146759204,0.749196446075,0.333261715715,0.442195486031,0.670462382884,1.36924530024,0.231077494028,0.223793862562,0.349395154194,0.00653121443503,0.12207588202,0.432646850343,0.0152782238038,0.0533555031027,0.591201619358,0.0363166294645,0.0730702648852,0.276424948268,0.0453451685538,0.0142222776853,0.375115374087,0.0266116969297,0.121276242301,0.569309123253,0.0188158421187,0.391565645962,1.44486142523,0.0972852253139,0.125142841491,0.230034901424,0.0555883660024,0.0,0.468974935571,0.201937008519,1.21988757281,0.102993716331
250.0,None,0.693934866021,0.760520817707,0.636171398556,0.665296376247,0.0672730603135,0.125404857992,0.258571221381,0.32293446533,0.0989487297934,0.0328495314646,0.711754402124,1.34797323923,0.283723432317,0.548918627209,0.526139854367,1.37893538942,3.86866952123,2.9609486975,3.59516492784,3.16539726329,3.00122617947,1.68472070026,0.251396377124,0.442968034908,2.23646195399,0.0898041984817,0.468954345838,4.47962618172,0.148538286981,0.982509772927,3.00442783496,0.268339539932,0.201457901895,3.97668253709,0.333905332078,0.440128594022,3.3654966492,0.119752636184,0.698510915053,5.27173555604,0.0360636973942,1.96978104127,2.28380668019,0.268860986322,0.0569222865217,3.15939344563,0.259775998011,0.0,0.703462403356,0.890358628469,1.28040743658,2.24641135349
240.0,None,0.239126203832,0.203799696248,0.219221225178,0.161551205768,0.326520463473,0.0998120298301,0.295509967293,0.155176301522,0.361827444767,0.0672633263323,5.52467840608,4.75004183612,6.38402394317,6.05846034901,1.37771760573,0.614149900178,1.94859082119,0.506873313081,1.31678427367,0.514917139046,1.91854566534,0.0945624423736,0.308767341158,5.94752978365,1.76643965911,0.28900623875,5.69374151785,2.80189923394,0.0602641050038,5.12964882913,0.660469865024,0.280445083087,6.28605511542,2.09941528309,0.140157793712,5.96839596717,1.12225195429,0.356301053336,1.46510562081,2.82560583686,0.0360636973942,0.947378405329,1.80011277786,0.281242742271,6.29326726951,1.79887067699,0.871671260895,0.851133158346,1.10028734884,0.743495349546,1.00837860022,2.50622183327
230.0,None,0.497007404042,0.556721121459,0.455636271939,0.301339937426,0.219868050781,0.136495083528,0.217528170368,0.260025153902,0.227434393854,0.0469279020923,5.23546141318,5.63022527543,6.23463738815,6.08609441407,0.940161188576,0.873773910597,2.14652165117,2.65299134936,2.21713299241,2.60951877254,1.51770778925,2.2670461247,0.256575700266,6.21721926423,3.81159240317,0.202467647486,4.99518568038,1.8211848156,0.118830629585,5.53716128733,2.4603649306,0.193688690478,6.0812012019,1.84699181728,0.23497041887,5.9007988355,2.21320097715,0.206979865009,0.719327379873,2.69873631103,0.0250877894916,0.867804330808,4.6098780346,0.224640429361,6.2149527074,1.23261521589,0.547298162342,0.945703509273,0.144299980176,0.972969222863,0.931154577537,0.560773859394
220.0,None,0.618914880505,0.680989228927,0.567396112226,0.100183241377,0.0,0.00682475417642,0.00820861020258,0.0251637245712,0.00590738685334,0.00938558041846,0.9541810566,0.30446416904,0.264849656168,0.299965308924,1.10761984128,0.0606917058729,0.0870328559989,0.281864727643,0.116912643653,0.21532573129,0.04440244854,0.402633202266,0.0725105239881,0.126720111192,0.182519856669,0.00163280360876,1.10195347236,0.151137490816,0.00848790211321,0.349215797223,0.337872882668,0.00807036210323,0.268699289555,0.117756442577,0.0247337283021,0.319699806052,0.239595787692,0.0,1.50742917699,0.235906321959,0.00627194737291,0.1141512972,0.814085510618,0.0442205569609,0.19681938058,0.431837079104,0.18502236297,0.0,0.360749950439,0.385516107172,1.41112346933,1.57756627738
210.0,None,0.600159884126,0.676018504628,0.550202290643,0.145241203385,0.0,0.0,0.0,0.0,0.0,0.0,0.0,0.0,0.0,0.0,0.0,0.0,0.0,0.0,0.0,0.0,0.0,0.0,0.0,0.0,0.0,0.0,0.0,0.0,0.0,0.0,0.0,0.0,0.0,0.0,0.0,0.0,0.0,0.0,0.0,0.0,0.0,0.0,0.0,0.0,0.0,0.0,0.0,0.0,0.0,0.0,0.0,0.0
200.0,None,0.0515762400421,0.00994144859748,0.0472830093521,0.0837310006023,0.0935259618993,0.0187680739852,0.00410430510129,0.0545214032376,0.171314218747,0.08134169696,0.150483995566,0.149870232715,0.158700085077,0.214965885585,0.0748219512082,0.0841692759006,0.209351430991,0.225491782114,0.345074342686,0.302804860373,0.0203288318617,0.0031127786517,0.254185243431,0.184948293526,0.524961873466,0.115929056222,0.229219514375,0.116503485308,0.0407419301434,0.228764193457,0.141149984232,0.0282462673613,0.196170115809,0.286261834574,0.0206114402517,0.260545089935,0.233932632181,0.209936720223,0.134832356721,0.234927200833,0.103487131653,0.0374642305328,0.320046703526,0.0504114349354,0.257657233524,0.867588029588,0.8321129909,0.756562807418,0.613274915747,1.06475877219,0.0955639518278,1.41605737754
190.0,None,0.121907476463,0.169004626157,0.111759840287,0.158137484339,0.0508649968224,0.0597165990437,0.164172204052,0.167758163808,0.0295369342667,0.0187711608369,0.100773712128,0.180359592379,0.347931278631,0.37626740375,0.222602659558,0.300279578889,0.0704139124552,0.101471301951,0.239812509196,0.262421116602,0.126301378815,0.225723615561,0.10677373862,0.0682107303232,0.376424251681,0.0440856974365,0.0417258154152,0.00594605190624,0.0526249931019,0.107093430314,0.0169108164038,0.141231336807,0.269743449978,0.129707468246,0.140157793712,0.273803880607,0.115018363012,0.0384391177873,0.210209232986,0.197048740915,0.0156798684323,0.312557411611,0.276854871947,0.0919787584786,0.0120042286888,0.376196717284,0.346746571983,0.0,0.0360749950439,0.0,0.502979324794,0.00543008668432
180.0,None,0.323523687537,0.377775046704,0.00429845539565,0.0636121701443,0.0311753206331,0.0989589355581,0.0451473561142,0.0922669900944,0.01772216056,0.109498438215,0.232171237835,0.100843914945,0.473509736935,0.360908291696,0.125912693776,0.719492736129,0.334505465545,0.13988543769,0.0936110233266,0.178952701798,0.685246987874,0.0242891061458,0.000796818944925,0.2459683756,0.206733423167,0.0359216793927,0.163382903268,0.404819766804,0.103552405781,0.195188085098,0.051548554985,0.0605277157742,0.399159911928,0.00494083871406,0.107179489309,0.276494256631,0.0585600526558,0.0118274208576,0.11280385473,0.852419537785,0.103487131653,0.879193021236,0.0457748193405,0.0132661670883,0.226048854957,0.145038902614,0.18364051763,0.0,0.108224985132,0.0367158197307,0.00583326164357,0.406026629079
170.0,None,0.647047375074,0.661106331732,0.722140506469,0.589420095784,0.0656322539644,0.0801908615729,0.192902339761,0.176146071998,0.0295369342667,0.00312852680615,0.190437389562,0.295517760688,0.294949011596,0.109117547088,0.052659748098,0.716517938436,0.540942674209,0.137066790414,0.215378171215,0.167888662409,0.736166334666,0.055322566037,0.190439727837,0.327134324138,0.130836500877,0.0718433587853,0.199497392456,0.515585678584,0.0882741819773,0.277729377783,0.089360268314,0.201759052581,0.323252972845,0.160228679235,0.189625250316,0.153695550758,0.0938608398292,0.0266116969297,0.0244521512366,0.933734999833,0.00940792105937,0.856708083083,0.12239656417,0.168038116451,0.327306119267,0.038446316055,0.293601018717,0.0472851754637,0.324674955395,0.348800287441,2.82622690151,0.515085757902
160.0,None,0.150039971032,0.129238831767,0.137550572661,0.0869708751065,0.0754770920591,0.114314632455,0.143650678545,0.180340026094,0.0236295474134,0.0531849557046,0.0478586109893,0.358858331821,0.0947389547912,0.0608812995904,0.0641331010356,0.47424691456,0.295281608271,0.133362282565,0.196202879487,0.203383077008,0.314999626718,0.0844223300991,0.0860564460518,0.203728338536,0.527654990064,0.0734761623941,0.0778007858226,0.255153546063,0.112040307894,0.317424659803,0.10095983981,0.137196155755,0.142678457343,0.136292481788,0.173136098114,0.00678377032678,0.144456773648,0.0325254073585,0.0597102330934,0.442691745628,0.0595835000427,0.56771248199,0.106477532533,0.11320462582,0.00420068779426,0.373799784738,0.377981567133,0.0,0.144299980176,0.514021476229,0.404468862082,0.135376423156
150.0,None,0.0937749818947,0.11929738317,0.085969107913,0.240936033254,0.357695784106,0.303701560851,0.389908984622,0.398425639044,0.33672105064,0.240896564074,0.0480010473316,0.490406320231,0.0824648323931,0.0471259502402,0.0172590608292,0.666675494737,0.896792849234,0.391630905865,0.35073793096,0.324103136197,1.20932232793,0.473849804752,0.0980087302257,0.416977256039,0.204725827158,0.336357543404,0.00147963794459,0.847146320037,0.280100769736,0.471488079906,0.314477761144,0.35106075149,0.020672356733,0.252348454124,0.35863906038,0.00940664867809,0.224878571246,0.334124639228,0.0831434779231,1.37051222939,0.232062052798,0.795909415409,0.550523721645,0.048642612657,0.355382727278,0.0367092641959,0.113356746855,0.661992456491,0.468974935571,0.165221188788,1.13823502689,1.16988479156
140.0,None,0.234437454737,0.253506939236,0.214922769782,0.0946991611191,0.101729993645,0.0614227875878,0.00820861020258,0.062909311428,0.147684671333,0.0656990629292,0.281169339562,1.11364891167,0.301548665348,0.464289302956,0.0548825059321,1.03975012305,1.19097177879,0.494632330624,0.474527788946,0.449346435018,1.57840248342,0.436920930748,0.165738340544,0.0699380927518,0.587907353211,0.122460270657,0.201871878084,1.1056152609,0.0373467692981,1.06209509008,0.391256988539,0.0443869915678,0.194651467232,0.327385566092,0.0247337283021,0.356735194887,0.304100384259,0.156713326364,0.0204795056198,1.87201324648,0.0470396052968,1.31352437295,0.504651585233,0.0521802572138,0.144536713605,0.426161384474,0.223370727599,0.472851754637,0.0721499900878,0.293726557845,1.50934151008,1.46635767911
130.0,None,0.332901185726,0.223682593443,0.305190333091,0.251698738315,0.0508649968224,0.081897050117,0.086190407127,0.130012576951,0.03544432112,0.0344137948677,0.00356090855575,0.0413681922203,0.00912849303978,0.00450287220882,0.000980628456202,0.0525839239254,0.0112630754822,0.00523463065623,0.0815556711436,0.0739338161539,0.0936196204157,0.128048394536,0.0892437218315,0.173238383109,0.117199537743,0.0457185010452,0.0227100862334,0.0121948293067,0.0763911190189,0.0649226697139,0.0256925770698,0.0847388020839,0.00325563629455,0.0731962484297,0.127790929561,0.00204854191963,0.064618468954,0.0325254073585,0.0080458955934,0.0671364845786,0.034495710551,0.0743511976289,0.0910013106162,0.089325525061,0.170330193978,0.0997179008098,0.28475732355,0.0,0.0,0.0,0.244073988044,0.278254619222
120.0,None,0.135973723747,0.372804322405,0.124655206474,0.0804279090346,0.193615149195,0.160381723146,0.22163247547,0.192921888379,0.180175299027,0.147040759889,0.239934018487,0.183723441919,0.00129525914754,0.0059215853705,0.27516434481,0.285493084474,0.0882930602487,0.120154906755,0.014725329512,0.028457360135,0.129608461511,0.196293708309,0.145817866921,0.0793180724517,0.0361612110395,0.174709986137,0.229478760168,0.0649761554048,0.140899175079,0.174606480713,0.0974441891617,0.205794233632,0.00067944747962,0.00307684794096,0.177258386165,0.00694414408678,0.0169734159354,0.159670181578,0.25887160752,0.110988133874,0.119167000085,0.296675676396,0.20664415998,0.130892848604,0.00986599024523,0.044395436126,0.943608875698,0.0,0.577199920703,1.06475877219,1.27015916308,0.145253902886
110.0,None,0.0937749818947,0.109355934572,0.085969107913,0.0329202858163,0.0886035428519,0.243984961807,0.238049695875,0.260025153902,0.0383980145467,0.212739822818,0.230818092584,0.175278032435,0.0229445906135,0.0614364482189,0.290233335421,0.0892439307886,0.28921687532,0.145200601126,0.0171525816294,0.0277089104116,0.466152759317,0.262463836314,0.206376106735,0.0414366126786,0.00355001733293,0.0963354129167,0.183097932404,0.347499541626,0.251241902551,0.243718796328,0.0985693369281,0.22597013889,0.0205629809936,0.0153111406813,0.247337283021,0.0653023091231,0.0281191854701,0.0177411312865,0.262697148107,0.652233539205,0.238334000171,0.227012489475,0.178246212084,0.127355204047,0.000408153962441,0.078077531173,0.686639697124,0.0,1.15439984141,0.807748034075,0.628891163569,0.0994403205562
100.0,None,0.665802371453,0.720755023317,0.610380666182,0.0928816705435,0.0,0.0,0.0,0.0,0.0,0.0,0.0,0.0,0.0,0.0,0.0,0.0,0.0,0.0,0.0,0.0,0.0,0.0,0.0,0.0,0.0,0.0,0.0,0.0,0.0,0.0,0.0,0.0,0.0,0.0,0.0,0.0,0.0,0.0,0.0,0.0,0.0,0.0,0.0,0.0,0.0,0.0,0.0,0.0,0.0,0.0,0.0,0.0
90.0,1.66855740125,0.159417469221,0.149121728962,0.146147483452,0.155387542077,0.0541466095206,0.0801908615729,0.180589424457,0.171952117903,0.0383980145467,0.00938558041846,0.726710218058,0.751283587779,0.725838554676,0.934561874463,0.154612419928,0.0494049734496,0.0104754478261,0.335660624233,0.564821567712,0.502681613133,0.52315130224,0.0418338585463,0.052590050365,1.3805442071,1.06417278202,0.0685777515678,0.661769627964,0.0308266709469,0.0950645036679,0.668763793692,0.333536309708,0.197723871529,0.656554443782,0.526950495922,0.189625250316,0.849885647131,0.469290784947,0.0325254073585,0.145799097353,0.65286583367,0.0188158421187,0.0499044034715,0.0107680146237,0.174228994426,1.09772536377,0.673792116366,0.182590476186,1.13484421113,1.04617485627,0.0734316394614,0.489477701279,1.79881281963
80.0,2.11857668136,0.332901185726,0.333038528015,0.305190333091,0.0209722608153,0.264169822207,0.196211682572,0.291405662191,0.188727934284,0.245156554414,0.206482769206,0.511631341291,0.912819936985,0.696047594283,1.0037087203,0.0897928789729,0.0839067937512,0.0761635943448,0.0687749935449,0.244909738643,0.0785709503097,0.121292121204,0.234543155074,0.52430686576,1.19979380598,0.944965648269,0.231858112444,0.533375602498,0.133053562282,0.159572559728,0.94890660556,0.0158398253584,0.270357130458,0.632665563767,0.211763524444,0.169013810064,0.926679951705,0.0507946405073,0.224720996295,0.0326251957748,0.00749649854936,0.169342579069,0.246473166682,0.105286893842,0.494385826823,0.876907272159,0.519371720553,1.27903156152,0.0,1.94804973237,0.201937008519,1.37258519579,1.92605782609
70.0,1.97649312931,0.0562649891368,0.0397657943899,0.0515814647478,0.155672018862,0.00984483809466,0.187680739852,0.0205215255064,0.0880730359992,0.01772216056,0.247153617686,0.131255089365,0.454549115555,0.0101770361592,0.225390343165,0.158240745216,0.314861920521,0.72839805636,0.409187051758,0.851722767985,0.691803468781,0.384205195472,0.00688584368406,0.0836659892171,0.130656890681,0.789646269234,0.0195936433051,0.0659523332575,0.824762900935,0.200314489872,0.63289023672,0.621854215982,0.0161407242065,0.0280244639251,0.942243041714,0.0824457610069,0.289376207087,0.817515758785,0.00295685521441,0.124314784904,0.724136629554,0.269693737035,0.521419351842,0.436502595872,0.00265323341765,0.158076343438,1.09957723034,0.965610866777,0.0,0.216449970263,0.220294918384,0.508999987364,4.71943435617
60.0,1.97226759616,0.192238712884,0.183916799053,0.171938215826,0.0629009781799,0.0984483809466,0.122845575176,0.131337763241,0.100654898285,0.24811024784,0.265924778523,1.17680905951,1.25199617043,0.52131096738,0.769867781346,0.907506260984,0.678924661708,0.59276857398,0.468861841239,0.988781604213,1.03161591385,0.0862273179206,0.137292403865,0.131475125913,0.540162299935,0.706967589694,0.0914370020904,1.00861885472,0.792968632387,0.113737888317,1.02164700009,0.791522671978,0.112985069445,0.447241409291,1.0883350753,0.0824457610069,0.663402939836,1.16159341149,0.171497602436,0.792168706469,0.566040934157,0.191294394874,0.600555945749,0.466967310621,0.089325525061,0.769792552969,0.976231827942,0.97013363565,1.70226631669,1.55122478689,0.514021476229,3.20461237229,2.47678923352
50.0,0.45318842997,0.16879496741,0.154092453261,0.588888389204,0.0592501927629,0.581665850759,0.380480045335,0.757244291188,0.608123343804,0.441577167287,0.217432613028,0.255602016132,1.31097089429,0.15530773969,0.454605043548,0.366983855926,0.987020375712,0.394995269534,0.235155715634,0.222093568739,0.0645944652577,0.431525658155,0.268830883556,1.73148756732,0.453151438993,0.205656176528,0.582910888326,0.106918349018,0.26622669538,0.381955595094,1.23098843723,0.11419128148,0.720279817713,0.155054723405,0.251623268412,0.572998038998,0.456729841812,0.10508738332,0.470139979091,0.204160513276,0.22408743526,0.246173934387,1.0742778828,0.0422304680523,1.24348206174,0.499298258103,0.239804927181,0.792517630174,1.22941456205,2.52524965307,0.312084467711,1.96631071724,1.10769935755
40.0,2.2141793688,0.412609920337,0.407599392497,0.378264074817,0.175522176801,0.125521685707,0.16208791169,0.186745882109,0.247443291617,0.0900876495134,0.1016771212,0.953112784033,0.149655518915,0.830754545627,0.113435369754,0.427978945902,0.231363432335,0.100895102746,0.134811872593,0.140780622807,0.0289129382275,0.0363779096472,0.197425627818,0.0,0.0,0.0,0.148585128397,0.932392009592,0.156310766044,0.186733846491,0.180185170116,0.0604120156778,0.21184700521,0.791764571446,0.180942492015,0.267948723272,0.113176216224,0.00442766083088,0.109403642933,0.443731414332,0.0938033921693,0.127006934301,0.310338703366,0.155556770416,0.0,0.0,0.0,0.232011717614,0.0,0.0,0.201937008519,0.340060922117,0.0020806990779
30.0,None,0.501696153137,0.442394462588,0.459934727334,0.102538076993,0.641555282502,0.726836319789,0.139546373444,0.239055383426,1.03970008619,1.11062701618,0.670091772022,0.269895247167,0.0956024608895,0.544539121362,0.56294610909,0.00274148022684,0.0439496232103,0.0941428190328,0.188031130692,0.00543439581765,0.0581657485804,0.146536413194,0.341835327373,0.17153110629,0.11923161663,0.620465371328,0.636725707008,0.077093266827,0.706193455819,0.28413823779,0.0564861446413,0.137196155755,0.0982419694609,0.168286388879,0.23909270692,0.489243480211,0.0351201921654,1.00828762811,0.573801958673,0.0102714402147,1.07877494814,0.0291508843438,0.0972877825139,0.290086853663,0.323772369494,0.0960158480368,0.268236709826,1.22941456205,2.3809496729,1.04640086232,0.0947190286013,0.411066934001
20.0,None,0.1781724656,0.114326658871,0.163341305035,0.0412491339321,0.25760659681,0.329294389012,0.22163247547,0.226473521141,0.245156554414,0.387937323963,0.435712770882,0.410747500263,0.0469994033534,0.0267705005291,0.498518819518,0.400722748051,0.0792353422036,0.0603190517156,0.00760538996776,0.0254472905952,0.0913824762395,0.0585296713145,1.37132540422,0.0358728988095,0.0517323215481,0.264514184619,0.415167803274,0.0527520707626,0.337818504106,0.379753158931,0.0250297030525,0.221934957839,0.0558760811827,0.02061957622,0.222603554719,0.0278272972195,0.0213666756653,0.257246403654,0.527321706047,0.0850076482438,0.407676579239,0.460153096223,0.0197524510928,1.08340364554,0.0635751112587,0.0398804738288,0.0932483956867,1.5604107903,0.396824945483,0.642526845287,0.970160522337,0.0417046302344
10.0,None,0.112529978274,0.0248536214937,0.103162929496,0.0263141026808,0.0672730603135,0.168912665866,0.143650678545,0.205503750665,0.00295369342667,0.115755491828,0.389207305144,0.051245027041,0.159748628196,0.0847526906153,0.235383517104,0.00907021649518,0.0959330485128,0.00330184395239,0.20866277369,0.0271150318267,0.0016535413476,0.00650853718083,0.0,0.0,0.0,0.0734761623941,0.373489685959,0.0978947507928,0.173153203109,0.0544643412005,0.0117076543465,0.133160974703,0.170431845401,0.173698702832,0.197869826417,0.0668243307671,0.00994629692628,0.014784276072,0.221064910401,0.0289031437508,0.128574921145,0.0231650706827,0.0176002801708,0.0,0.0,0.0,0.26034759779,0.0,0.0721499900878,0.238652828249,0.824987750805,0.987958301623
0.0,None,0.0984637309895,0.183916799053,0.0902675633086,0.000331889583361,0.0262529015858,0.114314632455,0.0738774918232,0.0041939540952,0.0620275619601,0.16268339392,None,None,None,None,None,None,None,None,None,None,None,None,0.670124732682,None,None,0.0293904649576,None,None,0.117133049162,None,None,0.0645628968258,None,None,0.012366864151,None,None,0.0620939595026,None,None,0.163070631696,None,None,0.0919787584786,None,None,None,None,None,None,None,None
